City_ID,City,Country,Lat,Lng,Max Temp,Humidity,Cloudiness,Wind Speed,Current Description
0,Mfou,CM,3.7159,11.6427,70.02,97,100,3.87,light rain
1,Miguel Auza,MX,24.2933,-103.4503,76.8,32,93,12.5,overcast clouds
2,Tuktoyaktuk,CA,69.4541,-133.0374,14.0,85,100,8.05,fog
3,Albany,US,42.6001,-73.9662,54.25,85,100,1.86,overcast clouds
4,Salalah,OM,17.0151,54.0924,84.29,70,20,4.61,few clouds
5,Harrisonburg,US,38.4496,-78.8689,58.33,91,100,3.44,light rain
6,Angoche,MZ,-16.2325,39.9086,76.91,87,100,7.67,overcast clouds
7,Saint-Philippe,RE,-21.3585,55.7679,73.22,82,37,11.36,light rain
8,Collie,AU,-33.3667,116.15,53.35,79,98,2.44,overcast clouds
9,Sao Filipe,CV,14.8961,-24.4956,75.81,69,20,14.14,few clouds
10,Spirit River,CA,55.7833,-118.8361,50.43,45,100,3.96,overcast clouds
11,Jalu,LY,29.0331,21.5482,84.31,13,86,14.45,overcast clouds
12,Barpeta,IN,26.3167,91.0,77.47,73,0,5.66,light rain
13,Saint-Pierre,RE,-21.3393,55.4781,73.29,73,0,4.61,clear sky
14,Jamestown,US,42.097,-79.2353,47.01,55,100,8.05,overcast clouds
15,Kapaa,US,22.0752,-159.319,76.98,91,100,18.41,moderate rain
16,Bathsheba,BB,13.2167,-59.5167,81.21,83,75,9.22,broken clouds
17,Bengkulu,ID,-3.8004,102.2655,77.99,88,59,4.23,broken clouds
18,Yellowknife,CA,62.456,-114.3525,43.32,52,40,9.22,scattered clouds
19,San Patricio,US,28.017,-97.5169,76.89,59,100,11.43,overcast clouds
20,Chumikan,RU,54.7183,135.315,24.66,92,100,2.37,overcast clouds
21,Bredasdorp,ZA,-34.5322,20.0403,56.77,73,0,1.81,clear sky
22,Atuona,PF,-9.8,-139.0333,78.93,75,24,23.82,light rain
23,Asfi,MA,32.2994,-9.2372,63.28,72,1,15.43,clear sky
24,Dikson,RU,73.5069,80.5464,3.85,98,97,9.08,overcast clouds
25,Yamethin,MM,20.4333,96.15,83.93,50,0,5.44,clear sky
26,Naze,JP,28.3667,129.4833,72.52,85,100,15.1,overcast clouds
27,Shelburne,CA,44.0787,-80.2041,40.91,84,100,8.52,overcast clouds
28,Kemijarvi,FI,66.7131,27.4306,24.44,60,73,7.36,broken clouds
29,Port Elizabeth,ZA,-33.918,25.5701,59.29,82,0,12.66,clear sky
30,Faanui,PF,-16.4833,-151.75,82.54,73,23,20.71,few clouds
31,Westport,US,41.1415,-73.3579,60.78,94,100,12.66,mist
32,Leningradskiy,RU,69.3833,178.4167,7.3,93,67,9.86,broken clouds
33,Kupang,ID,-10.1667,123.5833,75.6,82,100,4.76,overcast clouds
34,Barrow,US,71.2906,-156.7887,8.62,78,100,14.97,overcast clouds
35,Kathmandu,NP,27.7167,85.3167,70.02,49,20,4.61,few clouds
36,Luanda,AO,-8.8368,13.2343,76.77,87,100,6.67,light rain
37,Wencheng,CN,33.0559,113.7978,62.64,78,48,6.44,scattered clouds
38,Busselton,AU,-33.65,115.3333,56.64,87,87,1.5,overcast clouds
39,Longyearbyen,SJ,78.2186,15.6401,1.24,71,40,17.27,scattered clouds
40,Bluff,NZ,-46.6,168.3333,51.8,80,71,8.63,broken clouds
41,Hermanus,ZA,-34.4187,19.2345,58.28,75,0,8.32,clear sky
42,Souillac,MU,-20.5167,57.5167,75.58,88,75,10.36,light rain
43,Villa Bruzual,VE,9.3328,-69.1208,92.59,43,97,3.53,overcast clouds
44,Carnarvon,AU,-24.8667,113.6333,71.67,53,40,21.85,scattered clouds
45,Polohy,UA,47.4844,36.2536,57.45,65,100,7.36,overcast clouds
46,Rikitea,PF,-23.1203,-134.9692,78.15,74,100,22.57,overcast clouds
47,Puerto Escondido,MX,15.85,-97.0667,86.83,66,20,8.05,few clouds
48,Ushuaia,AR,-54.8,-68.3,40.66,75,75,5.75,light intensity drizzle
49,Yaan,NG,7.3833,8.5667,85.59,54,55,7.38,broken clouds
50,Pevek,RU,69.7008,170.3133,25.59,71,100,8.7,overcast clouds
51,Konya,TR,38.1667,32.5,60.28,27,52,7.14,broken clouds
52,Bereda,ES,43.2686,-7.5406,53.58,100,100,1.79,light rain
53,Avarua,CK,-21.2078,-159.775,80.65,89,20,3.44,few clouds
54,Erzin,TR,36.9559,36.2,63.93,53,0,1.54,clear sky
55,Bull Savanna,JM,17.8868,-77.5902,77.5,74,97,7.0,overcast clouds
56,Szamotuly,PL,52.612,16.5779,55.98,63,97,2.3,overcast clouds
57,Adeje,ES,28.1227,-16.726,66.16,62,75,18.41,broken clouds
58,Lebu,CL,-37.6167,-73.65,52.29,80,6,9.82,clear sky
59,Punta Arenas,CL,-53.15,-70.9167,42.91,61,75,9.22,broken clouds
60,Mataura,NZ,-46.1927,168.8643,51.48,99,89,1.99,overcast clouds
61,Usinsk,RU,65.9939,57.5281,36.86,95,100,19.22,light rain
62,Boca Do Acre,BR,-8.7522,-67.3978,89.6,57,71,0.34,broken clouds
63,Norman Wells,CA,65.282,-126.8329,41.04,56,40,10.36,scattered clouds
64,Port Alfred,ZA,-33.5906,26.891,58.17,91,6,4.0,clear sky
65,Sungaipenuh,ID,-2.0833,101.3833,65.86,92,100,1.01,overcast clouds
66,Ostrovnoy,RU,68.0531,39.5131,17.6,69,3,16.28,clear sky
67,Saskylakh,RU,71.9167,114.0833,-3.46,98,98,3.33,overcast clouds
68,Vaini,TO,-21.2,-175.2,73.56,78,20,9.22,few clouds
69,Jiuquan,CN,39.7432,98.5174,47.97,39,100,9.57,overcast clouds
70,Narsaq,GL,60.9167,-46.05,43.02,74,99,0.85,overcast clouds
71,Castro,BR,-24.7911,-50.0119,77.34,64,26,4.99,heavy intensity rain
72,Ponta Do Sol,PT,32.6667,-17.1,67.01,72,35,4.59,scattered clouds
73,Vardo,NO,70.3705,31.1107,17.58,86,75,32.21,mist
74,Bara,NG,10.3744,10.7288,94.64,28,97,7.78,overcast clouds
75,Provideniya,RU,64.3833,-173.3,28.96,81,44,8.66,scattered clouds
76,Galesong,ID,-5.3166,119.3661,77.02,83,100,4.94,overcast clouds
77,New Norfolk,AU,-42.7826,147.0587,48.7,89,100,2.08,overcast clouds
78,Mar Del Plata,AR,-38.0023,-57.5575,71.62,89,75,16.11,broken clouds
79,Sagone,FR,42.1155,8.6969,61.27,70,6,4.74,clear sky
80,Yantzaza,EC,-3.8278,-78.7594,79.68,73,99,1.95,light rain
81,Guerrero Negro,MX,27.9769,-114.0611,76.84,36,7,14.56,clear sky
82,Lillesand,NO,58.2488,8.3778,46.35,53,0,3.44,clear sky
83,Lorengau,PG,-2.0226,147.2712,81.14,83,34,7.9,scattered clouds
84,Lata,PT,40.1629,-8.3327,59.81,94,2,1.28,clear sky
85,Arroyo,ES,41.6096,-4.7969,57.07,76,20,6.91,light rain
86,Lavrentiya,RU,65.5833,-171.0,22.5,86,87,4.23,overcast clouds
87,Ayan,RU,56.45,138.1667,25.11,81,100,6.91,overcast clouds
88,Xalpatlahuac,MX,17.4667,-98.6167,84.15,26,24,6.35,few clouds
89,Khatanga,RU,71.9667,102.5,10.13,94,100,6.67,overcast clouds
90,Charleville-Mezieres,FR,49.7667,4.7167,48.78,88,62,4.97,broken clouds
91,Port Lincoln,AU,-34.7333,135.8667,61.18,88,26,4.32,scattered clouds
92,Cape Town,ZA,-33.9258,18.4232,61.21,73,0,16.11,clear sky
93,Puerto Ayora,EC,-0.7393,-90.3518,78.76,75,88,7.92,overcast clouds
94,Egvekinot,RU,66.3167,-179.1667,22.71,82,100,3.56,overcast clouds
95,Ribeira Grande,PT,38.5167,-28.7,63.0,88,40,14.97,scattered clouds
96,Bilibino,RU,68.0546,166.4372,23.59,82,100,4.9,overcast clouds
97,Paamiut,GL,61.994,-49.6678,34.3,97,100,22.82,snow
98,Santa Lucia,ES,27.9117,-15.5407,61.77,60,40,21.85,scattered clouds
99,Gold Coast,AU,-28.0,153.4333,66.0,95,40,3.44,scattered clouds
100,Raudeberg,NO,61.9875,5.1352,41.67,68,100,23.87,overcast clouds
101,Secunda,ZA,-26.55,29.1667,50.32,59,0,3.67,clear sky
102,East London,ZA,-33.0153,27.9116,61.97,79,3,12.97,clear sky
103,Victoria,HK,22.2855,114.1577,81.32,86,0,7.0,clear sky
104,Mae Sai,TH,20.4335,99.8762,79.68,53,52,1.61,broken clouds
105,Henties Bay,NA,-22.116,14.2845,63.32,70,1,5.95,clear sky
106,Hilo,US,19.7297,-155.09,78.28,89,75,5.75,broken clouds
107,Salinopolis,BR,-0.6136,-47.3561,81.64,78,98,11.16,overcast clouds
108,Okha,RU,53.5739,142.9478,28.04,96,100,17.31,snow
109,Jining,CN,35.405,116.5814,66.02,18,100,8.1,overcast clouds
110,Puerto Narino,CO,-3.7703,-70.3831,83.66,79,76,1.63,broken clouds
111,Thompson,CA,55.7435,-97.8558,35.76,25,0,4.61,clear sky
112,Hastings,GB,50.8552,0.5729,50.79,71,11,11.86,few clouds
113,Harper,LR,4.375,-7.7169,79.88,85,100,7.23,light rain
114,Severo-Kurilsk,RU,50.6789,156.125,30.72,83,70,8.01,broken clouds
115,Napier,NZ,-39.4833,176.9167,51.28,94,75,1.99,broken clouds
116,Cherskiy,RU,68.75,161.3,26.65,81,100,4.25,overcast clouds
117,Pringsewu,ID,-5.3582,104.9744,73.92,93,95,0.4,heavy intensity rain
118,Mahebourg,MU,-20.4081,57.7,76.24,88,75,10.36,broken clouds
119,Bongandanga,CD,1.5,21.05,69.08,99,100,1.25,overcast clouds
120,Gat,IL,31.61,34.7642,78.4,58,85,5.73,overcast clouds
121,Samana,DO,19.2056,-69.3369,88.02,66,40,11.5,scattered clouds
122,Mayo,US,38.8876,-76.5119,67.98,76,100,7.0,overcast clouds
123,Bikaner,IN,28.0167,73.3,87.87,12,0,10.33,clear sky
124,Chuy,UY,-33.6971,-53.4616,71.04,82,57,9.64,broken clouds
125,Georgetown,MY,5.4112,100.3354,81.95,93,40,8.05,scattered clouds
126,Torbay,CA,47.6666,-52.7314,42.76,89,100,14.0,mist
127,Ca Mau,VN,9.1769,105.15,78.93,83,70,3.11,broken clouds
128,Tasiilaq,GL,65.6145,-37.6368,33.96,89,87,3.36,overcast clouds
129,Hobart,AU,-42.8794,147.3294,49.05,94,92,6.91,overcast clouds
130,Kolpashevo,RU,58.3131,82.9089,36.97,87,87,5.17,overcast clouds
131,Wexford,IE,52.3342,-6.4575,53.22,85,9,7.56,clear sky
132,Memari,IN,23.2,88.1167,79.84,86,3,10.74,clear sky
133,Sao Felix Do Xingu,BR,-6.6447,-51.995,83.88,63,17,4.18,few clouds
134,Havelock,US,34.8791,-76.9013,86.02,74,20,12.66,few clouds
135,Clyde River,CA,70.4692,-68.5914,17.83,93,100,31.07,heavy snow
136,Tuatapere,NZ,-46.1333,167.6833,51.69,90,100,6.78,overcast clouds
137,Sahuaripa,MX,29.05,-109.2333,98.62,10,0,9.04,clear sky
138,Maniitsoq,GL,65.4167,-52.9,31.91,98,100,34.63,snow
139,Shimanovsk,RU,52.0,127.7,30.18,67,10,9.93,clear sky
140,Herbrechtingen,DE,48.6217,10.176,46.54,82,100,7.14,overcast clouds
141,Te Anau,NZ,-45.4167,167.7167,44.71,90,42,0.43,scattered clouds
142,Brae,GB,60.3964,-1.353,42.08,62,93,9.89,overcast clouds
143,Maryville,US,35.7565,-83.9705,65.12,89,100,3.44,overcast clouds
144,Algeciras,ES,36.1333,-5.4505,62.28,55,40,6.91,scattered clouds
145,Xining,CN,36.6167,101.7667,52.86,46,14,5.19,few clouds
146,Mogadishu,SO,2.0371,45.3438,82.74,74,71,8.7,broken clouds
147,Buala,SB,-8.145,159.5921,80.35,80,82,3.78,light rain
148,Marawi,PH,7.9986,124.2928,69.66,92,100,1.79,overcast clouds
149,Mankono,CI,8.0586,-6.1897,81.07,55,100,5.14,overcast clouds
150,Monroe,US,43.1501,-77.6831,51.49,66,100,13.8,overcast clouds
151,Rodbyhavn,DK,54.6544,11.352,50.14,63,51,7.16,broken clouds
152,Batemans Bay,AU,-35.7167,150.1833,62.1,91,100,2.82,overcast clouds
153,Katangli,RU,51.7102,143.2326,28.85,97,100,27.27,snow
154,Palomares,MX,17.15,-95.0667,90.84,42,88,12.26,overcast clouds
155,Malindi,KE,-3.2175,40.1191,80.56,80,100,12.86,overcast clouds
156,Arraial Do Cabo,BR,-22.9661,-42.0278,82.36,83,0,16.11,clear sky
157,Butaritari,KI,3.0707,172.7902,81.01,83,35,19.19,light rain
158,Codrington,AU,-38.2667,141.9667,59.9,77,100,9.37,overcast clouds
159,Roma,US,43.2128,-75.4557,51.96,76,100,11.01,overcast clouds
160,Finschhafen,PG,-6.6024,147.8681,79.97,82,25,5.19,scattered clouds
161,Santa Maria,BR,-29.6842,-53.8069,72.7,88,75,5.75,broken clouds
162,Bandarbeyla,SO,9.4942,50.8122,81.81,76,5,7.45,clear sky
163,Grindavik,IS,63.8424,-22.4338,46.35,76,75,4.61,broken clouds
164,Nikolskoye,RU,59.7035,30.7861,41.88,78,84,7.16,broken clouds
165,Bambous Virieux,MU,-20.3428,57.7575,76.21,88,75,10.36,light rain
166,Kouango,CF,4.9934,19.9619,74.37,80,88,4.25,overcast clouds
167,Villa Corona,MX,20.4167,-103.6833,91.33,9,0,4.59,clear sky
168,Yablonovo,RU,50.8523,37.3574,54.25,82,27,7.09,scattered clouds
169,Sambava,MG,-14.2667,50.1667,73.31,86,82,7.2,broken clouds
170,Beloha,MG,-25.1667,45.05,71.94,84,100,11.32,overcast clouds
171,Oswego,US,43.4501,-76.1497,51.94,70,100,5.01,overcast clouds
172,Batesville,US,35.7698,-91.641,65.08,23,0,8.05,clear sky
173,Kodiak,US,57.79,-152.4072,45.91,53,100,12.66,overcast clouds
174,Hofn,IS,64.2539,-15.2082,45.97,81,17,11.68,few clouds
175,Nome,US,64.5011,-165.4064,36.16,92,0,0.0,clear sky
176,Cidreira,BR,-30.1811,-50.2056,72.28,86,11,10.56,few clouds
177,Nuevo Casas Grandes,MX,30.4167,-107.9167,79.75,32,13,10.0,few clouds
178,Sharlyk,RU,52.9167,54.75,55.67,61,99,9.1,overcast clouds
179,Hasaki,JP,35.7333,140.8333,72.28,87,100,32.84,light rain
180,Isangel,VU,-19.55,169.2667,76.37,56,100,14.23,overcast clouds
181,Vranje,RS,42.5514,21.9003,53.85,79,10,4.0,clear sky
182,Kavieng,PG,-2.5744,150.7967,82.96,77,4,14.2,clear sky
183,Muros,ES,42.7762,-9.0603,58.84,85,87,6.82,overcast clouds
184,Kruisfontein,ZA,-34.0033,24.7314,54.88,93,0,7.34,clear sky
185,Chadiza,ZM,-14.0678,32.4392,62.42,91,70,4.63,broken clouds
186,Camopi,GF,3.1655,-52.3158,78.98,93,99,2.86,overcast clouds
187,Kamariotissa,GR,40.4833,25.4667,61.93,82,0,10.98,clear sky
188,Esperance,AU,-33.8667,121.9,58.84,66,1,6.87,clear sky
189,Goderich,CA,43.7501,-81.7165,40.91,87,100,12.66,overcast clouds
190,Qaanaaq,GL,77.484,-69.3632,16.56,76,31,3.44,scattered clouds
191,Tonekabon,IR,36.8163,50.8738,60.75,78,36,1.97,scattered clouds
192,Portland,US,45.5234,-122.6762,55.53,73,75,13.0,broken clouds
193,Ashland,US,40.8167,-82.2665,46.36,56,85,16.22,overcast clouds
194,Mbekenyera,TZ,-10.0,38.9833,70.07,97,100,2.84,light rain
195,Upernavik,GL,72.7868,-56.1549,30.2,74,92,6.67,overcast clouds
196,Lac Du Bonnet,CA,50.2536,-96.0612,34.75,65,40,5.12,scattered clouds
197,Healdsburg,US,38.6105,-122.8692,74.98,42,0,6.91,clear sky
198,Vestmannaeyjar,IS,63.4427,-20.2734,47.39,81,75,4.61,broken clouds
199,Taitung,TW,22.7583,121.1444,78.87,72,25,6.46,scattered clouds
200,Hobyo,SO,5.3505,48.5268,84.15,64,45,10.2,scattered clouds
201,Yumen,CN,40.2833,97.2,47.44,21,100,3.51,overcast clouds
202,Chernyshevskiy,RU,63.0128,112.4714,8.82,97,78,3.27,broken clouds
203,Indiana,US,40.0003,-86.2503,54.59,57,75,12.66,broken clouds
204,Xichang,CN,27.8964,102.2634,59.83,82,3,1.99,clear sky
205,Timmins,CA,48.4669,-81.3331,24.62,58,100,10.36,overcast clouds
206,Illapel,CL,-31.6308,-71.1653,67.28,52,45,17.31,scattered clouds
207,Vila Velha,BR,-20.3297,-40.2925,84.15,84,20,10.36,few clouds
208,Krasnoselkup,RU,65.7,82.4667,14.65,90,87,8.99,overcast clouds
209,Nishihara,JP,26.1842,127.7558,77.05,97,100,18.41,overcast clouds
210,Lima,PE,-12.0432,-77.0282,73.38,81,0,9.22,clear sky
211,Bethel,US,41.3712,-73.414,56.62,91,100,1.01,overcast clouds
212,Ahuimanu,US,21.4447,-157.8378,78.51,74,100,13.8,overcast clouds
213,Lompoc,US,34.6391,-120.4579,77.02,64,0,25.01,clear sky
214,Coihaique,CL,-45.5752,-72.0662,41.61,75,100,9.22,shower rain
215,Marsabit,KE,2.3284,37.9899,65.62,85,100,10.02,light rain
216,Fairbanks,US,64.8378,-147.7164,44.94,61,20,8.05,few clouds
217,San Quintin,MX,30.4833,-115.95,68.77,59,100,12.97,overcast clouds
218,Tatarsk,RU,55.219,75.9828,45.45,66,40,4.41,scattered clouds
219,Mecca,SA,21.4267,39.8261,85.64,34,0,2.82,clear sky
220,Chokurdakh,RU,70.6333,147.9167,4.95,98,100,6.42,overcast clouds
221,Saint George,US,37.1041,-113.5841,85.62,8,0,5.75,clear sky
222,Saldanha,ZA,-33.0117,17.9442,57.25,81,0,16.31,clear sky
223,Lashio,MM,22.9333,97.75,66.47,43,0,1.5,clear sky
224,Buchanan,LR,5.8808,-10.0467,81.1,84,100,7.76,overcast clouds
225,Changde,CN,29.0464,111.6783,70.36,86,21,2.75,few clouds
226,Caravelas,BR,-17.7125,-39.2481,78.58,73,0,5.55,clear sky
227,Acapulco,MX,16.8634,-99.8901,85.82,66,0,10.36,clear sky
228,Rajauri,IN,33.3833,74.3,71.22,33,0,7.52,clear sky
229,Sulangan,PH,11.1373,123.7228,81.72,80,100,11.18,overcast clouds
230,Cabo San Lucas,MX,22.8909,-109.9124,88.61,30,0,11.5,clear sky
231,Ancud,CL,-41.8697,-73.8203,42.22,70,100,16.04,light rain
232,Atbasar,KZ,51.8,68.3333,54.05,59,72,2.39,broken clouds
233,Broome,US,42.2506,-75.833,56.62,81,100,9.22,overcast clouds
234,Gilgit,PK,35.9221,74.3087,65.5,44,11,3.0,few clouds
235,Chickasha,US,35.0526,-97.9364,71.15,26,0,9.22,clear sky
236,Malangali,TZ,-8.5667,34.85,63.79,89,100,11.18,overcast clouds
237,Fonte Boa,BR,-2.4959,-66.2662,76.82,96,100,3.11,overcast clouds
238,Jilib,SO,0.4883,42.7854,77.49,87,87,4.32,overcast clouds
239,Zalari,RU,53.5584,102.5065,33.49,68,100,4.12,overcast clouds
240,Airai,TL,-8.9266,125.4092,58.5,89,100,0.36,overcast clouds
241,Swan River,CA,52.1058,-101.2676,35.49,44,0,12.66,clear sky
242,Dauriya,RU,49.9333,116.8667,28.44,46,10,9.22,clear sky
243,Road Town,VG,18.4167,-64.6167,82.49,65,40,11.5,scattered clouds
244,Baiyin,CN,36.5583,104.2081,51.35,18,75,22.32,broken clouds
245,Shahrud,IR,36.4182,54.9763,61.56,64,100,4.34,overcast clouds
246,Laukaa,RU,58.7372,29.8453,36.1,77,42,5.99,scattered clouds
247,Namibe,AO,-15.1961,12.1522,71.64,74,1,4.81,clear sky
248,Lesnoy,RU,57.6198,63.0784,51.42,76,93,11.16,overcast clouds
249,Abu Dhabi,AE,24.4667,54.3667,84.31,69,0,5.75,clear sky
250,College,US,64.8569,-147.8028,44.92,61,75,8.05,broken clouds
251,Kulhudhuffushi,MV,6.6221,73.07,84.58,71,100,0.36,overcast clouds
252,Arrecife,ES,28.963,-13.5477,67.98,73,40,17.27,scattered clouds
253,Hithadhoo,MV,-0.6,73.0833,84.85,73,100,8.46,overcast clouds
254,Karlstad,SE,59.3793,13.5036,41.56,52,40,6.91,scattered clouds
255,Northam,GB,51.0333,-4.2167,54.61,55,24,6.85,few clouds
256,Maarianhamina,AX,60.0973,19.9348,33.66,64,0,4.61,clear sky
257,Labuhan,ID,-6.8844,112.2051,78.51,87,100,4.43,overcast clouds
258,Kaitangata,NZ,-46.2817,169.8464,49.44,93,83,6.76,broken clouds
259,Jos,NG,9.9167,8.9,77.22,49,98,3.33,overcast clouds
260,Skelleftea,SE,64.7507,20.9528,33.01,41,71,4.61,broken clouds
261,Key Largo,US,25.0865,-80.4473,84.0,57,0,13.27,clear sky
262,Flin Flon,CA,54.7682,-101.865,33.64,37,0,11.5,clear sky
263,Mahibadhoo,MV,3.7833,72.9667,84.43,70,64,2.66,broken clouds
264,Sao Joao Da Barra,BR,-21.6403,-41.0511,84.29,83,4,9.26,clear sky
265,Xingcheng,CN,40.6167,120.7167,48.43,37,36,7.49,scattered clouds
266,Gwadar,PK,25.1216,62.3254,82.31,73,1,9.28,clear sky
267,Axim,GH,4.8699,-2.2405,80.8,85,77,8.46,broken clouds
268,Kichera,RU,55.9375,110.0997,22.8,90,98,0.58,overcast clouds
269,Kiama,AU,-34.6833,150.8667,61.38,95,100,3.36,light rain
270,Baykit,RU,61.67,96.37,18.75,91,26,4.43,scattered clouds
271,Sijunjung,ID,-0.6876,100.9537,72.57,96,87,2.3,overcast clouds
272,Monrovia,LR,6.3005,-10.7969,83.97,85,100,9.37,overcast clouds
273,Saurimo,AO,-9.6608,20.3916,68.13,87,99,2.51,overcast clouds
274,Ligayan,PH,4.6533,119.4706,83.12,75,100,12.5,overcast clouds
275,Cayenne,GF,4.9333,-52.3333,86.04,1,20,11.5,few clouds
276,Celestun,MX,20.8667,-90.4,84.6,66,59,19.91,broken clouds
277,Vrangel,RU,42.7297,133.0839,41.99,60,3,26.28,clear sky
278,Korla,CN,41.7597,86.1469,59.59,27,0,5.5,clear sky
279,Olga,RU,43.7444,135.2892,39.65,88,52,9.75,broken clouds
280,Urubicha,BO,-15.3833,-62.95,93.99,35,59,5.35,broken clouds
281,Nelson Bay,AU,-32.7167,152.15,66.0,97,96,11.16,overcast clouds
282,Arlit,NE,18.7369,7.3853,85.39,10,0,10.56,clear sky
283,El Rosario,MX,24.2556,-107.1828,91.02,25,0,11.34,clear sky
284,Praia Da Vitoria,PT,38.7333,-27.0667,64.65,77,40,16.64,scattered clouds
285,Juarez,MX,31.7333,-106.4833,76.64,43,40,21.85,scattered clouds
286,San Cristobal,VE,7.7669,-72.225,80.78,71,96,2.46,overcast clouds
287,Vanavara,RU,60.34,102.2797,25.45,98,84,4.52,broken clouds
288,Boguchany,RU,58.3814,97.4531,27.27,94,100,4.41,overcast clouds
289,Solntsevo,RU,51.4185,36.7499,56.05,93,0,7.56,clear sky
290,Porto Belo,BR,-27.1578,-48.5531,78.8,91,100,8.59,overcast clouds
291,Birao,CF,10.2849,22.7882,87.46,35,85,2.66,overcast clouds
292,Ayacucho,PE,-13.1583,-74.2239,73.26,31,40,1.14,scattered clouds
293,Naryan-Mar,RU,67.6713,53.087,32.23,99,100,7.49,light snow
294,Pisco,PE,-13.7,-76.2167,71.65,68,0,16.11,clear sky
295,Grand Gaube,MU,-20.0064,57.6608,76.37,76,9,3.0,clear sky
296,Necochea,AR,-38.5473,-58.7368,68.85,81,100,15.14,overcast clouds
297,Srednekolymsk,RU,67.45,153.6833,16.99,95,100,12.64,light snow
298,Iranshahr,IR,27.2025,60.6848,89.94,19,5,16.11,clear sky
299,Cap-Aux-Meules,CA,47.3821,-61.8597,50.05,57,75,14.97,light rain
300,Imbituba,BR,-28.24,-48.6703,77.86,85,100,9.4,overcast clouds
301,Tiksi,RU,71.6872,128.8694,-5.24,100,59,3.53,broken clouds
302,Terrace,CA,54.5163,-128.6035,49.91,61,75,9.22,broken clouds
303,High Level,CA,58.5169,-117.136,46.51,53,40,9.22,scattered clouds
304,Banda Aceh,ID,5.5577,95.3222,80.35,84,100,6.08,overcast clouds
305,Norsup,VU,-16.0667,167.3833,79.25,76,94,13.98,overcast clouds
306,Saint-Augustin,CA,51.226,-58.6502,35.26,99,100,6.26,overcast clouds
307,Kidal,ML,18.4411,1.4078,84.78,17,0,9.75,clear sky
308,Lasa,IT,46.6166,10.7002,47.28,94,79,5.41,broken clouds
309,Lai,TD,9.3952,16.2989,92.23,34,88,2.86,overcast clouds
310,Rassvet,RU,46.8333,40.75,65.5,87,99,6.35,overcast clouds
311,Nemuro,JP,43.3236,145.575,41.83,100,100,9.95,light rain
312,Tautira,PF,-17.7333,-149.15,81.46,76,37,22.03,light rain
313,Yeniseysk,RU,58.4497,92.1703,29.34,97,100,1.99,overcast clouds
314,Amuntai,ID,-2.4177,115.2494,72.61,99,100,0.74,moderate rain
315,Mchinji,MW,-13.7984,32.8802,61.45,93,62,4.21,broken clouds
316,Ust-Omchug,RU,61.15,149.6333,14.45,94,100,5.48,overcast clouds
317,Adet,ET,11.2644,37.4888,63.52,56,88,5.19,overcast clouds
318,Cabedelo,BR,-6.9811,-34.8339,84.87,74,28,16.37,scattered clouds
319,Mazarron,ES,37.5992,-1.3149,62.67,62,100,7.63,overcast clouds
320,Meulaboh,ID,4.1363,96.1285,76.64,82,100,3.87,overcast clouds
321,Fortuna,US,40.5982,-124.1573,58.93,58,40,16.11,scattered clouds
322,Port Blair,IN,11.6667,92.75,83.16,76,100,1.99,overcast clouds
323,Yerbogachen,RU,61.2767,108.0108,23.29,97,58,4.03,broken clouds
324,Tual,ID,-5.6667,132.75,83.5,73,97,4.34,overcast clouds
325,Port Hedland,AU,-20.3167,118.5667,77.05,78,100,8.05,overcast clouds
326,Geraldton,AU,-28.7667,114.6,61.21,88,75,11.5,broken clouds
327,Coquimbo,CL,-29.9533,-71.3436,65.93,68,20,9.22,few clouds
328,Ishigaki,JP,24.3448,124.1572,78.93,100,100,8.05,overcast clouds
329,Urumqi,CN,43.801,87.6005,47.35,71,0,6.71,clear sky
330,Langsa,ID,4.4683,97.9683,75.42,97,98,3.15,overcast clouds
331,Abeche,TD,13.8292,20.8324,89.92,19,71,4.56,broken clouds
332,Gobabis,NA,-22.45,18.9667,69.91,33,99,9.24,overcast clouds
333,Port Moresby,PG,-9.4431,147.1797,76.42,94,75,11.5,broken clouds
334,Setermoen,NO,68.861,18.3486,22.96,95,100,3.6,light snow
335,Paita,PE,-5.0892,-81.1144,72.7,72,27,16.42,scattered clouds
336,Touros,BR,-5.1989,-35.4608,81.18,75,7,14.32,clear sky
337,Puerto Del Rosario,ES,28.5004,-13.8627,67.75,77,75,16.11,broken clouds
338,Rawson,AR,-43.3002,-65.1023,63.07,25,100,19.01,overcast clouds
339,Villa Rica,US,33.7321,-84.9191,62.67,88,100,7.61,overcast clouds
340,Alice Springs,AU,-23.7,133.8833,54.95,76,85,0.0,overcast clouds
341,Husavik,IS,66.0449,-17.3389,39.63,95,100,1.19,overcast clouds
342,Panalingaan,PH,8.7842,117.4231,79.0,83,84,2.73,broken clouds
343,Mocuba,MZ,-16.8392,36.9856,69.58,98,96,3.31,light rain
344,Si Satchanalai,TH,17.5169,99.7598,85.71,50,7,2.26,clear sky
345,Bitung,ID,1.4451,125.1824,76.05,83,100,3.4,overcast clouds
346,Badamdar,AZ,40.3394,49.8039,57.15,69,100,5.48,overcast clouds
347,Comarapa,BO,-17.9,-64.4833,65.98,77,77,7.49,broken clouds
348,Jumla,NP,29.2747,82.1838,46.54,65,0,4.99,clear sky
349,Moron,AR,-34.6534,-58.6198,76.69,77,100,9.19,overcast clouds
350,Shubarkuduk,KZ,49.1447,56.4872,55.69,42,46,7.58,scattered clouds
351,Aktau,KZ,43.65,51.2,64.98,31,92,17.07,overcast clouds
352,Dubbo,AU,-32.25,148.6167,59.13,94,75,11.5,moderate rain
353,Taoudenni,ML,22.6783,-3.9836,82.69,19,0,10.6,clear sky
354,Bulgan,MN,48.8125,103.5347,31.73,30,100,1.72,overcast clouds
355,Sandwick,GB,60.0,-1.25,42.62,65,75,11.5,broken clouds
356,Norilsk,RU,69.3535,88.2027,11.43,94,91,6.55,overcast clouds
357,Santander Jimenez,MX,24.2167,-98.4667,77.59,63,100,16.06,overcast clouds
358,Hambantota,LK,6.1241,81.1185,81.01,79,82,0.36,broken clouds
359,Jalingo,NG,8.8833,11.3667,85.62,56,83,4.99,light rain
360,Constitucion,CL,-35.3333,-72.4167,54.19,82,80,7.0,broken clouds
361,Deniliquin,AU,-35.5333,144.9667,59.76,80,100,3.27,overcast clouds
362,Cardston,CA,49.2,-113.3019,61.09,33,100,3.44,overcast clouds
363,Trincomalee,LK,8.5711,81.2335,82.51,75,99,6.69,overcast clouds
364,Kondinskoye,RU,59.6481,67.41,41.95,85,98,11.05,overcast clouds
365,Jiazi,CN,22.8779,116.067,80.1,70,95,8.08,overcast clouds
366,Barra Da Estiva,BR,-13.6261,-41.3269,72.5,58,31,7.29,scattered clouds
367,Namatanai,PG,-3.6667,152.4333,80.17,81,12,7.65,few clouds
368,Mao,ES,39.8885,4.2658,57.76,82,0,5.75,clear sky
369,Hualmay,PE,-11.0964,-77.6139,72.37,75,25,11.14,scattered clouds
370,Santa Cruz Cabralia,BR,-16.2781,-39.0247,82.63,65,40,5.75,scattered clouds
371,Mexico,PH,15.0646,120.7198,80.31,81,17,4.21,few clouds
372,Saint-Joseph,RE,-21.3667,55.6167,72.21,81,19,10.25,light rain
373,Luderitz,NA,-26.6481,15.1594,67.32,41,0,9.19,clear sky
374,Baley,RU,51.6,116.6333,23.14,58,97,2.37,overcast clouds
375,Alta Floresta,BR,-9.8756,-56.0861,94.82,43,40,10.36,scattered clouds
376,Matagami,CA,49.7502,-77.6328,24.91,63,100,12.66,overcast clouds
377,Kuusamo,FI,65.9667,29.1833,24.84,58,0,4.61,clear sky
378,Richards Bay,ZA,-28.783,32.0377,65.7,75,99,7.78,overcast clouds
379,Carballo,ES,43.213,-8.691,57.87,85,20,2.26,few clouds
380,Revda,RU,56.801,59.9303,52.81,79,100,11.01,overcast clouds
381,Tanout,NE,14.9709,8.8879,89.22,10,7,11.52,clear sky
382,Laguna,US,38.421,-121.4238,75.06,40,0,4.61,clear sky
383,Belaya Gora,RU,68.5333,146.4167,10.09,94,100,5.91,overcast clouds
384,Villa Carlos Paz,AR,-31.4241,-64.4978,91.38,31,0,13.0,clear sky
385,Capoterra,IT,39.1763,8.9718,62.31,80,0,10.36,clear sky
386,Sibolga,ID,1.7427,98.7792,77.85,82,100,3.51,overcast clouds
387,Padang,ID,-0.9492,100.3543,78.67,86,100,3.67,overcast clouds
388,Half Moon Bay,US,37.4636,-122.4286,70.54,64,0,28.77,haze
389,Katsuura,JP,35.1333,140.3,69.82,91,100,31.47,light rain
390,Gizo,SB,-8.103,156.8419,82.49,75,53,6.76,broken clouds
391,Flinders,AU,-34.5833,150.8552,61.18,93,100,5.01,overcast clouds
392,Chongoyape,PE,-6.6406,-79.3892,86.36,50,96,9.71,overcast clouds
393,Kiruna,SE,67.8557,20.2251,20.32,63,40,4.61,scattered clouds
394,Ilulissat,GL,69.2167,-51.1,35.62,80,100,6.91,light intensity drizzle rain
395,Rio Gallegos,AR,-51.6226,-69.2181,41.05,65,75,17.27,broken clouds
396,Kutum,SD,14.2,24.6667,80.4,20,94,1.54,overcast clouds
397,Kaele,CM,10.1092,14.4508,92.01,35,98,5.91,overcast clouds
398,Nazare Da Mata,BR,-7.7417,-35.2278,79.2,66,90,9.78,overcast clouds
399,Vila Franca Do Campo,PT,37.7167,-25.4333,63.01,82,34,8.14,scattered clouds
400,Yulara,AU,-25.2406,130.9889,57.04,51,98,4.61,overcast clouds
401,Kununurra,AU,-15.7667,128.7333,69.78,83,100,0.0,overcast clouds
402,Sakaiminato,JP,35.55,133.2333,66.18,100,75,17.27,broken clouds
403,Menongue,AO,-14.6585,17.691,64.24,60,66,2.8,broken clouds
404,Eyl,SO,7.9803,49.8164,81.86,74,43,10.16,scattered clouds
405,Sale,MA,34.0389,-6.8166,63.28,72,40,6.91,scattered clouds
406,Oranjemund,NA,-28.55,16.4333,57.31,76,0,8.63,clear sky
407,Pedernales,DO,18.0384,-71.744,81.48,63,60,4.09,broken clouds
408,Sobolevo,RU,54.4299,31.8996,44.87,75,100,4.74,overcast clouds
409,Sinnamary,GF,5.3833,-52.95,81.66,78,100,8.88,light rain
410,Luena,AO,-11.7833,19.9167,65.79,73,63,3.02,broken clouds
411,Moa,CU,20.6569,-74.9403,79.88,67,12,13.71,few clouds
412,Camacha,PT,33.0833,-16.3333,62.02,68,40,11.5,scattered clouds
413,Zhigansk,RU,66.7697,123.3711,4.46,94,32,9.44,scattered clouds
414,Sitka,US,57.0531,-135.33,44.49,81,100,4.61,moderate rain
415,Kuytun,RU,54.3419,101.5036,35.15,66,100,5.61,overcast clouds
416,Muncar,ID,-8.4333,114.3333,75.51,89,100,2.98,overcast clouds
417,Ayer Keroh,MY,2.2566,102.2866,80.35,89,20,0.0,few clouds
418,Tete,MZ,-16.1564,33.5867,77.09,73,20,6.91,few clouds
419,Koronadal,PH,6.5031,124.8469,75.18,94,95,1.32,light rain
420,Inta,RU,66.0317,60.1659,38.3,91,100,18.03,overcast clouds
421,Kurtamysh,RU,54.9103,64.4319,51.17,71,92,7.81,overcast clouds
422,Novoagansk,RU,61.9449,76.6625,26.01,99,91,3.83,overcast clouds
423,Lagoa,PT,39.05,-27.9833,61.2,84,100,21.81,overcast clouds
424,Petropavlovsk-Kamchatskiy,RU,53.0452,158.6483,33.78,64,0,2.24,clear sky
425,Pitimbu,BR,-7.4706,-34.8086,84.79,70,14,13.82,few clouds
426,Dunedin,NZ,-45.8742,170.5036,54.81,77,89,10.0,overcast clouds
427,Manyana,BW,-23.4,21.7167,65.37,36,2,8.59,clear sky
428,Jurm,AF,36.8648,70.8342,63.75,38,97,2.53,overcast clouds
429,Bielsko-Biala,PL,49.8224,19.0469,47.16,79,100,3.0,overcast clouds
430,Turukhansk,RU,65.8167,87.9833,10.83,95,22,4.07,few clouds
431,Tombouctou,ML,20.0,-3.0,80.87,19,0,10.74,clear sky
432,Talnakh,RU,69.4865,88.3972,11.21,94,89,7.52,overcast clouds
433,Lafayette,US,30.2335,-92.0668,79.92,62,20,10.36,few clouds
434,Alyangula,AU,-13.8483,136.4192,75.07,100,45,3.44,scattered clouds
435,Diego De Almagro,CL,-26.3667,-70.05,70.47,31,100,8.99,overcast clouds
436,Mehamn,NO,71.0357,27.8492,21.11,75,100,29.91,light snow
437,Turochak,RU,52.2576,87.1224,40.98,71,100,2.98,overcast clouds
438,Chivasso,IT,45.1894,7.8872,60.37,60,40,5.75,scattered clouds
439,Tura,IN,25.5198,90.2201,73.63,82,0,5.19,light rain
440,Sur,OM,22.5667,59.5289,87.26,50,4,9.13,clear sky
441,Komsomolskiy,UZ,40.4272,71.7189,68.72,56,75,9.22,broken clouds
442,Kailua,US,21.4022,-157.7394,78.78,77,100,10.36,overcast clouds
443,Barcelos,PT,41.5388,-8.6151,59.14,94,1,3.4,clear sky
444,Batagay-Alyta,RU,67.8006,130.4114,6.17,97,100,3.87,overcast clouds
445,Khasan,RU,42.4308,130.6434,43.9,43,0,30.58,clear sky
446,Klaksvik,FO,62.2266,-6.589,41.92,67,99,6.2,overcast clouds
447,Bilma,NE,18.6853,12.9164,90.25,9,0,2.64,clear sky
448,Awbari,LY,26.5921,12.7805,83.64,7,100,4.09,overcast clouds
449,Barra Dos Coqueiros,BR,-10.9089,-37.0386,84.22,61,40,12.66,scattered clouds
450,Linxia,CN,35.6003,103.2064,55.96,50,93,4.72,overcast clouds
451,Bosobolo,CD,4.1833,19.9,72.93,80,91,4.0,overcast clouds
452,Aquiraz,BR,-3.9014,-38.3911,84.29,83,26,8.66,scattered clouds
453,Jeremie,HT,18.65,-74.1167,80.98,61,6,5.75,clear sky
454,Arys,KZ,42.4252,68.795,63.39,45,100,0.94,overcast clouds
455,Xinzhou,CN,38.4092,112.7333,51.19,16,28,7.02,scattered clouds
456,Waipawa,NZ,-41.4122,175.5153,51.87,83,24,3.0,few clouds
457,Vidim,RU,56.4088,103.1106,32.85,84,100,9.33,overcast clouds
458,Daru,PG,-9.0763,143.2092,79.86,82,100,5.03,overcast clouds
459,Mezen,RU,65.8522,44.24,25.0,93,100,15.01,light snow
460,Valdobbiadene,IT,45.8993,11.9946,55.53,91,72,2.82,broken clouds
461,Hue,VN,16.4667,107.6,80.71,89,20,2.3,few clouds
462,Tarabuco,BO,-19.1667,-64.9167,66.16,33,83,9.8,broken clouds
463,San Fernando,PH,15.0286,120.6898,80.33,81,18,4.5,few clouds
464,Kieta,PG,-6.2167,155.6333,79.07,82,57,0.27,broken clouds
465,Beringovskiy,RU,63.05,179.3167,32.11,99,100,9.6,overcast clouds
466,Blind River,CA,46.1834,-82.9582,35.71,51,94,17.31,overcast clouds
467,Lisakovsk,KZ,52.5369,62.4936,57.58,50,99,9.15,overcast clouds
468,Ambon,ID,-3.6954,128.1814,81.21,79,56,4.65,broken clouds
469,Ati,TD,13.2154,18.3353,96.67,25,100,6.6,overcast clouds
470,Antofagasta,CL,-23.65,-70.4,67.28,75,100,8.63,overcast clouds
471,Atambua,ID,-9.1061,124.8925,70.84,84,99,2.46,overcast clouds
472,Abu Zabad,SD,12.35,29.25,90.81,21,100,5.14,overcast clouds
473,Janakpur,NP,26.7183,85.9065,83.64,42,21,9.93,few clouds
474,El Sauzal,MX,31.9,-116.6833,64.42,80,100,7.52,overcast clouds
475,Hirara,JP,24.8,125.2833,78.8,89,40,16.93,scattered clouds
476,Mangai,CD,-4.05,19.5333,69.85,99,100,1.12,overcast clouds
477,Igarka,RU,67.4667,86.5833,3.38,99,84,6.58,broken clouds
478,Comodoro Rivadavia,AR,-45.8667,-67.5,55.26,35,40,21.85,scattered clouds
479,Pontian Kecil,MY,1.4801,103.3899,77.32,86,100,4.88,overcast clouds
480,Hay River,CA,60.8156,-115.7999,53.58,37,75,9.22,broken clouds
481,Mufumbwe,ZM,-13.6833,24.8,66.06,69,83,3.76,broken clouds
482,Talara,PE,-4.5772,-81.2719,81.36,54,0,17.27,clear sky
483,Morondava,MG,-20.2833,44.2833,78.42,77,99,3.09,overcast clouds
484,Avanigadda,IN,16.0215,80.9181,83.14,78,3,8.59,clear sky
485,Khash,IR,28.2211,61.2158,75.04,19,23,7.49,few clouds
486,Iqaluit,CA,63.7506,-68.5145,6.53,55,40,2.3,scattered clouds
487,Lexington,US,37.9887,-84.4777,58.33,51,20,5.75,few clouds
488,Hamilton,US,39.1834,-84.5333,57.61,53,40,9.22,scattered clouds
489,Itambacuri,BR,-18.0311,-41.685,77.25,70,84,3.29,broken clouds
490,Nanortalik,GL,60.1432,-45.2371,37.45,82,100,5.35,overcast clouds
491,Alofi,NU,-19.0595,-169.9187,71.49,94,100,5.75,overcast clouds
492,Brawley,US,32.9787,-115.5303,90.21,9,0,3.44,clear sky
493,Limbang,MY,4.75,115.0,78.91,97,68,2.35,broken clouds
494,Ust-Nera,RU,64.5667,143.2,11.7,96,100,5.48,overcast clouds
495,Opuwo,NA,-18.0607,13.84,70.9,37,8,2.68,clear sky
496,Ixtapa,MX,20.7,-105.2,91.71,32,1,9.17,clear sky
497,North Bend,US,43.4065,-124.2243,54.91,83,75,14.97,broken clouds
498,Balotra,IN,25.8333,72.2333,87.78,29,0,12.97,clear sky
499,Takaka,NZ,-40.85,172.8,53.13,72,3,3.78,clear sky
500,Tezu,IN,27.9167,96.1667,68.76,63,80,5.32,broken clouds
501,Kurtalan,TR,37.9272,41.7028,60.6,88,100,2.35,moderate rain
502,Oliver,CA,49.1831,-119.5524,53.24,50,100,6.91,overcast clouds
503,Bac Lieu,VN,9.285,105.7244,81.86,75,100,5.03,overcast clouds
504,Tanah Merah,MY,5.8,102.15,78.62,97,73,1.61,broken clouds
505,Verkhoyansk,RU,67.5447,133.385,1.13,100,83,1.81,broken clouds
506,Araouane,ML,18.9048,-3.5265,82.81,22,2,10.13,clear sky
507,Baghdad,IQ,33.3406,44.4009,76.91,50,0,9.22,clear sky
508,Los Llanos De Aridane,ES,28.6585,-17.9182,62.35,78,20,17.27,few clouds
509,Rocha,UY,-34.4833,-54.3333,74.17,77,58,12.15,broken clouds
510,Fuerte Olimpo,PY,-21.0415,-57.8738,101.86,24,53,12.06,broken clouds
511,Surt,LY,31.2089,16.5887,65.39,77,100,16.78,overcast clouds
512,Dudinka,RU,69.4058,86.1778,11.62,98,93,7.92,overcast clouds
513,Haicheng,CN,40.8516,122.7475,43.52,44,2,3.49,clear sky
514,Emerald,AU,-23.5333,148.1667,68.14,94,100,5.75,overcast clouds
515,Sioux Lookout,CA,50.1001,-91.917,28.47,40,100,4.61,overcast clouds
516,Kilindoni,TZ,-7.9139,39.6668,75.96,82,100,6.6,overcast clouds
517,Presidencia Roque Saenz Pena,AR,-26.7852,-60.4388,96.04,37,51,12.06,broken clouds
518,Grants,US,35.1473,-107.8514,70.03,17,0,24.16,clear sky
519,Leh,IN,34.1667,77.5833,40.95,50,20,4.45,few clouds
520,Achinsk,RU,56.2694,90.4993,36.93,83,82,6.87,broken clouds
521,Atocha,BO,-20.9333,-66.2333,59.7,7,89,15.95,overcast clouds
522,Gloversville,US,43.0528,-74.3438,54.63,87,100,3.44,overcast clouds
523,Kulu,TR,39.0951,33.0799,64.8,37,100,6.44,overcast clouds
524,Yafran,LY,32.0633,12.5286,66.72,28,9,14.32,clear sky
525,Maniwaki,CA,46.3834,-75.966,48.58,76,100,6.91,overcast clouds
526,Manta,EC,-0.95,-80.7333,83.98,70,75,5.75,broken clouds
527,Poso,ID,-1.3959,120.7524,76.68,87,100,4.23,overcast clouds
528,Nizhniy Odes,RU,63.6445,54.856,37.18,97,91,7.29,overcast clouds
529,Malartic,CA,48.1335,-78.1328,33.91,75,100,7.72,overcast clouds
530,Marienburg,PL,54.0359,19.0266,44.58,68,15,4.43,few clouds
531,Murakami,JP,38.2333,139.4833,58.26,99,100,8.79,overcast clouds
532,Saint-Francois,FR,46.4154,3.9054,52.68,71,0,6.91,clear sky
533,Ust-Kulom,RU,61.6864,53.6902,43.97,92,73,5.7,broken clouds
534,Nampa,US,43.5407,-116.5635,59.72,62,75,5.75,broken clouds
535,Doka,SD,13.5167,35.7667,90.28,19,100,6.42,overcast clouds
536,Deputatskiy,RU,69.3,139.9,0.41,99,100,1.79,overcast clouds
537,Mandalgovi,MN,45.7625,106.2708,32.18,24,76,10.54,broken clouds
538,Vigrestad,NO,58.5667,5.7,46.58,84,19,3.58,few clouds
539,Snasa,NO,64.2457,12.3778,31.41,91,99,3.91,overcast clouds
540,Saint-Raymond,CA,45.467,-73.6095,59.99,67,100,14.97,overcast clouds
541,Hohhot,CN,40.8106,111.6522,44.89,14,40,11.18,scattered clouds
542,Ygatimi,PY,-24.0833,-55.5,89.92,51,15,8.28,few clouds
543,Cuamba,MZ,-14.8031,36.5372,67.77,91,100,5.08,overcast clouds
544,Qujing,CN,25.4833,103.7833,56.98,60,0,4.23,clear sky
545,Cabra,ES,37.4725,-4.4421,60.3,59,100,4.94,overcast clouds
546,Tilichiki,RU,60.4667,166.1,29.53,96,100,6.85,overcast clouds
547,Ust-Maya,RU,60.4167,134.5333,18.27,94,61,3.31,broken clouds
548,Malkara,TR,40.89,26.9011,53.53,69,0,5.66,clear sky
549,Prince Rupert,CA,54.3161,-130.3201,46.49,76,100,10.36,overcast clouds
550,Monterey,US,36.2505,-121.2516,70.18,32,100,15.21,overcast clouds
551,Havre-Saint-Pierre,CA,50.2334,-63.5986,39.56,93,100,4.61,overcast clouds
552,Villazon,BO,-22.0866,-65.5942,69.93,4,100,2.48,overcast clouds
553,Trastenik,BG,43.52,24.4685,62.44,59,75,6.91,light rain
554,Kirakira,SB,-10.4544,161.9205,80.58,81,67,4.5,broken clouds
555,Herat,AF,34.5,62.0,72.82,27,100,12.24,overcast clouds
556,Asau,RO,46.4333,26.4,51.28,90,35,1.66,scattered clouds
557,Pochutla,MX,15.7432,-96.4661,87.82,48,56,9.37,broken clouds
558,Alexandria,EG,31.2156,29.9553,66.16,72,0,9.22,clear sky
559,Hellvik,NO,59.9156,5.781,46.99,76,75,3.2,broken clouds
560,Avera,US,33.194,-82.5271,82.45,69,86,9.84,overcast clouds
561,Acarau,BR,-2.8856,-40.12,79.43,86,71,12.53,broken clouds
562,Kijang,KR,35.2442,129.2139,64.13,90,60,6.35,broken clouds
563,Las Cruces,US,32.3123,-106.7783,79.0,30,0,14.97,clear sky
564,Takapau,NZ,-40.0333,176.35,52.18,91,93,1.25,overcast clouds
565,Tazovskiy,RU,67.4667,78.7,21.83,96,100,11.81,overcast clouds
566,Poum,NC,-20.2333,164.0167,76.26,63,100,17.02,overcast clouds
567,Bundaberg,AU,-24.85,152.35,65.21,97,75,8.05,moderate rain
568,Santa Vitoria Do Palmar,BR,-33.5189,-53.3681,71.01,82,56,9.78,broken clouds
569,Tessalit,ML,20.1986,1.0114,82.08,16,0,9.66,clear sky
570,Carnot,CF,4.9409,15.8665,71.24,93,100,1.3,light rain
571,Villa Maria,AR,-32.4075,-63.2402,87.53,45,0,15.55,clear sky
572,Svatove,UA,49.4103,38.1503,58.01,73,99,7.25,overcast clouds
573,Pandan,PH,14.0453,124.1694,80.71,87,83,10.71,broken clouds
574,Zabid,YE,14.1951,43.3152,88.86,42,96,6.93,overcast clouds
575,Aksu,CN,41.1231,80.2644,62.89,14,70,6.31,broken clouds
576,Tumen,CN,42.9661,129.8425,42.28,37,3,16.24,clear sky
577,Pahrump,US,36.2083,-115.9839,84.25,8,100,17.0,overcast clouds
578,Andenes,NO,69.3143,16.1194,26.58,80,40,16.11,scattered clouds
579,Luwuk,ID,-0.9516,122.7875,78.55,87,100,1.99,overcast clouds
580,General Pico,AR,-35.6566,-63.7568,84.65,35,4,10.4,clear sky
581,Florianopolis,BR,-27.6146,-48.5012,76.23,81,75,14.97,broken clouds
582,Ahipara,NZ,-35.1667,173.1667,62.53,71,96,6.98,overcast clouds
583,Bonanza,NI,14.0289,-84.591,79.77,87,42,4.25,scattered clouds
584,Port Hardy,CA,50.6996,-127.4199,46.58,81,75,6.91,broken clouds
585,Kamiiso,JP,41.8167,140.65,52.18,99,100,7.43,overcast clouds
586,Port-Gentil,GA,-0.7193,8.7815,82.36,89,40,8.05,scattered clouds
587,Agrado,CO,2.2573,-75.7714,84.33,59,70,4.79,broken clouds
588,Oeiras,BR,-7.0253,-42.1311,86.32,45,69,6.13,broken clouds
589,Businga,CD,3.3333,20.8833,70.92,98,99,4.21,overcast clouds
590,Vizinga,RU,61.0749,50.1031,43.66,93,96,5.32,overcast clouds
591,Aklavik,CA,68.2191,-135.0107,30.06,94,76,5.61,broken clouds
592,Boden,SE,65.8252,21.6886,30.2,85,56,3.71,broken clouds
593,Pervomayskoye,RU,43.919,46.7102,60.67,50,60,14.36,broken clouds
594,Obera,AR,-27.4871,-55.1199,85.62,56,9,6.73,clear sky
595,Boende,CD,-0.2167,20.8667,70.59,99,100,3.51,overcast clouds
596,Yanji,CN,42.9075,129.5078,41.16,38,3,14.9,clear sky
597,Xuddur,SO,4.1213,43.8894,75.34,76,100,1.36,overcast clouds
598,Beauchamps,FR,50.012,1.5176,42.37,81,8,8.14,clear sky
599,Balkanabat,TM,39.5108,54.3671,71.38,47,97,7.67,overcast clouds
600,Russell,US,32.3502,-85.1999,79.88,61,40,10.36,scattered clouds
601,Kisangani,CD,0.5167,25.2,71.74,95,94,3.6,overcast clouds
602,Natal,BR,-5.795,-35.2094,84.85,70,40,16.11,scattered clouds
603,Tibati,CM,6.4667,12.6333,72.39,75,94,2.15,light rain
604,Santarem,BR,-2.4431,-54.7083,84.33,79,20,9.22,few clouds
605,Buraydah,SA,26.326,43.975,81.05,40,0,17.16,clear sky
606,Desaguadero,PE,-16.5656,-69.0417,55.87,34,7,6.64,clear sky
607,Visnes,NO,59.3556,5.2242,46.81,81,0,19.57,clear sky
608,Watertown,US,42.3709,-71.1828,57.13,83,100,8.05,mist
609,Jacareacanga,BR,-6.2222,-57.7528,89.98,50,99,4.21,overcast clouds
610,Quebo,GW,11.3333,-14.9333,79.7,64,18,8.99,few clouds
611,Sumbe,AO,-11.2061,13.8437,76.62,88,93,5.3,light rain
612,Kahului,US,20.8947,-156.47,78.82,69,40,14.97,scattered clouds
613,Turayf,SA,31.6725,38.6637,71.85,43,40,11.5,scattered clouds
614,Mbaiki,CF,3.8678,17.9892,72.88,90,91,5.03,overcast clouds
615,Primorskiy,RU,43.0983,131.5875,42.91,45,1,18.66,clear sky
616,Takoradi,GH,4.8845,-1.7554,81.03,85,82,7.85,broken clouds
617,Piterka,RU,50.6803,47.4454,64.56,58,99,10.92,overcast clouds
618,Thabazimbi,ZA,-24.5917,27.4116,63.99,52,0,2.44,clear sky
619,Ascension,US,30.2169,-90.9001,81.09,63,75,8.05,broken clouds
620,Lokosovo,RU,61.1333,74.8167,28.11,97,53,5.23,broken clouds
621,Loandjili,CG,-4.7561,11.8578,78.67,89,99,6.46,overcast clouds
622,Labuan,MY,5.2767,115.2417,79.16,94,40,0.0,scattered clouds
623,Chikwawa,MW,-16.0335,34.8009,71.83,92,65,4.79,broken clouds
624,Hvolsvollur,IS,63.7533,-20.2243,47.07,73,100,5.01,overcast clouds
625,Carauari,BR,-4.8828,-66.8958,74.05,99,100,1.36,overcast clouds
626,Shingu,JP,33.7333,135.9833,67.89,98,100,5.23,moderate rain
627,Vao,NC,-22.6667,167.4833,74.25,58,100,17.47,overcast clouds
628,Pacific Grove,US,36.6177,-121.9166,70.02,73,40,18.01,scattered clouds
629,Kloulklubed,PW,7.0419,134.2556,77.29,88,100,7.2,overcast clouds
630,Messina,IT,38.1933,15.5497,63.93,76,0,10.0,clear sky
631,Imeni Babushkina,RU,59.7573,43.1285,39.94,96,99,4.81,overcast clouds
632,Mangochi,MW,-14.4782,35.2645,70.86,84,66,6.64,broken clouds
633,Varhaug,NO,58.6147,5.6457,46.47,84,17,5.26,few clouds
634,Zhongshu,CN,24.5167,103.7667,60.49,46,0,2.17,clear sky
635,Kraksaan,ID,-7.7585,113.3962,78.06,83,91,3.6,overcast clouds
636,Bangui,CF,4.3612,18.555,77.36,74,66,6.76,broken clouds
637,Staunton,US,38.1496,-79.0717,60.17,94,100,1.01,moderate rain
638,Apac,UG,1.9756,32.5386,65.3,96,100,3.47,moderate rain
639,Essau,GM,13.4839,-16.5347,84.36,46,42,20.92,scattered clouds
640,Vesyegonsk,RU,58.664,37.2604,38.21,94,56,4.59,broken clouds
641,Luganville,VU,-15.5333,167.1667,79.2,80,100,12.5,light rain
642,Kaberamaido,UG,1.7389,33.1594,68.38,90,100,1.68,light rain
643,Chimbote,PE,-9.0853,-78.5783,71.42,77,21,10.78,few clouds
644,Kabo,CF,7.6994,18.629,76.87,76,100,5.28,light rain
645,Saint Anthony,US,45.0205,-93.218,42.24,49,75,11.5,broken clouds
646,Benguela,AO,-12.5763,13.4055,75.45,85,39,2.35,scattered clouds
647,Port Shepstone,ZA,-30.7414,30.455,61.88,71,0,10.45,clear sky
648,Polyarnyy,RU,69.1989,33.4478,20.26,73,71,25.66,light snow
649,Neiafu,TO,-18.65,-173.9833,72.28,94,75,0.0,broken clouds
650,Khandyga,RU,62.6667,135.6,11.25,99,96,0.6,overcast clouds
651,Pavlysh,UA,48.9176,33.3569,56.71,74,84,8.68,broken clouds
652,Teahupoo,PF,-17.8333,-149.2667,76.96,76,41,22.88,light rain
653,Skibbereen,IE,51.55,-9.2667,54.1,88,8,10.38,clear sky
654,Liverpool,GB,53.4106,-2.9779,53.78,60,0,9.22,clear sky
655,Noumea,NC,-22.2763,166.4572,73.0,99,100,10.65,overcast clouds
656,Waingapu,ID,-9.6567,120.2641,74.95,71,99,4.36,overcast clouds
657,Palu,ID,-0.8917,119.8707,75.18,95,100,3.11,overcast clouds
658,San Rafael,AR,-34.6177,-68.3301,79.39,7,0,14.97,clear sky
659,Roebourne,AU,-20.7833,117.1333,79.54,57,100,11.32,light rain
660,Santo Augusto,BR,-27.8508,-53.7772,77.4,75,84,10.45,broken clouds
661,Gulfport,US,30.3674,-89.0928,78.85,61,100,10.36,overcast clouds
662,Tateyama,JP,34.9833,139.8667,70.11,88,75,18.41,mist
663,Nizip,TR,37.0097,37.7942,69.93,38,58,6.13,broken clouds
664,Katherine,AU,-14.4667,132.2667,79.12,69,40,5.75,scattered clouds
665,Tabuk,PH,17.4189,121.4443,74.62,91,14,3.98,few clouds
666,Nhulunbuy,AU,-12.2333,136.7667,75.81,94,92,0.0,overcast clouds
667,Rawah,IQ,34.4816,41.9093,72.7,53,6,6.78,clear sky
668,Kostroma,RU,57.7708,40.9344,45.3,86,97,7.38,overcast clouds
669,Simpang,ID,-1.2667,104.0833,74.98,94,17,0.92,few clouds
670,Margate,GB,51.3813,1.3862,50.31,72,75,3.0,broken clouds
671,Mocajuba,BR,-2.5842,-49.5072,78.08,95,100,2.17,moderate rain
672,Neryungri,RU,56.6709,124.6491,14.23,97,95,3.69,overcast clouds
673,Shieli,KZ,44.1667,66.75,62.6,39,4,10.56,clear sky
674,Mayor Pablo Lagerenza,PY,-19.9309,-60.7718,100.89,24,100,15.77,overcast clouds
675,Cheyenne,US,41.14,-104.8203,64.98,17,0,17.0,clear sky
676,Mumbwa,ZM,-14.9783,27.0619,63.91,87,68,3.89,broken clouds
677,Ternate,ID,0.8,127.4,80.85,81,98,5.23,overcast clouds
678,Chipinge,ZW,-20.1883,32.6236,60.75,95,86,3.31,overcast clouds
679,Dakar,SN,14.6937,-17.4441,74.28,83,0,21.85,clear sky
680,Havoysund,NO,70.9963,24.6622,21.43,65,100,27.34,light snow
681,Cortes,ES,41.9395,-1.4396,68.05,77,100,5.64,light rain
682,Moura,PT,38.1401,-7.4486,62.71,85,95,4.23,overcast clouds
683,Manado,ID,1.487,124.8455,75.97,100,40,3.44,scattered clouds
684,Eureka,US,40.8021,-124.1637,62.74,67,7,11.99,clear sky
685,Port Said,EG,31.2565,32.2841,66.18,88,0,13.8,clear sky
686,Warrnambool,AU,-38.3833,142.4833,61.81,84,100,9.17,light rain
687,Eenhana,NA,-17.4667,16.3333,69.66,38,6,4.74,clear sky
688,Mordovo,RU,52.0834,40.77,58.69,77,36,6.33,scattered clouds
689,Kyren,RU,51.6828,102.1408,28.04,60,30,2.86,scattered clouds
690,Powell,US,40.1578,-83.0752,50.36,59,100,13.8,overcast clouds
691,Banjar,ID,-8.19,114.9675,76.41,77,100,3.47,overcast clouds
692,Dubai,AE,25.2582,55.3047,89.53,35,0,3.44,clear sky
693,Tulun,RU,54.5611,100.5792,36.0,71,100,7.11,overcast clouds
694,Lloydminster,CA,53.2835,-110.0016,46.62,42,100,21.85,overcast clouds
695,Acajutla,SV,13.5928,-89.8275,87.67,59,78,8.81,broken clouds
696,Makakilo City,US,21.3469,-158.0858,77.32,67,100,13.8,overcast clouds
697,Berdigestyakh,RU,62.0989,126.6992,7.34,99,75,2.91,broken clouds
698,Ayapel,CO,8.3137,-75.1398,89.08,61,100,5.21,overcast clouds
699,Shahr-E Babak,IR,30.1165,55.1186,64.09,40,100,8.41,overcast clouds
700,Biggar,GB,55.6167,-3.5167,47.28,76,82,5.61,broken clouds
701,Placerville,US,38.7296,-120.7986,70.52,44,0,3.0,clear sky
702,Romans-Sur-Isere,FR,45.0464,5.0562,54.39,76,18,4.34,few clouds
703,Mikhaylovka,RU,50.06,43.2379,62.71,74,55,3.65,broken clouds
704,Along,IN,28.1667,94.7667,65.01,84,57,1.63,light rain
705,Adre,TD,13.4667,22.2,86.14,30,100,5.68,overcast clouds
706,Kavaratti,IN,10.5669,72.642,85.03,74,32,7.27,scattered clouds
707,Savino,RU,56.5929,41.2181,46.27,87,71,4.5,broken clouds
708,Mitu,CO,1.1983,-70.1733,82.58,70,96,1.7,overcast clouds
709,Ndele,CF,8.4109,20.6473,75.49,74,100,4.07,overcast clouds
710,Bijapur,IN,16.8333,75.7,90.63,24,92,1.92,overcast clouds
711,Vesele,UA,47.0148,34.915,57.87,64,1,7.56,clear sky
712,Ugra,RU,54.7777,34.3267,42.31,87,100,4.59,overcast clouds
713,Smithers,CA,54.7804,-127.1743,46.72,46,40,9.22,light intensity shower rain
714,Balabac,PH,7.9868,117.0645,81.09,78,100,2.44,overcast clouds
715,Kesan,TR,40.8558,26.6303,56.03,78,0,5.1,clear sky
716,Krasavino,RU,60.9614,46.4814,38.34,92,71,5.17,broken clouds
717,Vokhma,RU,58.9303,46.7586,47.08,81,100,3.96,overcast clouds
718,Baisha,CN,26.5222,110.9311,70.3,99,77,0.49,broken clouds
719,Nyimba,ZM,-14.5566,30.8149,69.91,73,97,8.37,overcast clouds
720,Boulder City,US,35.9786,-114.8325,85.33,4,0,18.41,clear sky
721,Casas Grandes,MX,30.3667,-107.95,80.44,31,11,14.9,few clouds
722,Coacoatzintla,MX,19.6333,-96.9333,68.65,73,88,3.04,overcast clouds
723,Suzhou,CN,31.3114,120.6181,58.5,89,100,4.23,overcast clouds
724,Rovinj,HR,45.08,13.64,55.89,86,50,8.08,scattered clouds
725,Itarema,BR,-2.9248,-39.9167,78.73,87,69,12.06,broken clouds
726,Kenai,US,60.5544,-151.2583,52.03,62,0,0.0,clear sky
727,Oda,JP,35.1833,132.5,62.4,99,100,6.33,overcast clouds
